rank, msg_num, payload_size, timestamp
2, 0, 1, 1550720663.922484
2, 1, 1, 1550720663.922805
2, 2, 1, 1550720663.922813
2, 3, 1, 1550720663.922817
2, 4, 1, 1550720663.922821
2, 5, 1, 1550720663.922827
2, 6, 1, 1550720663.922831
2, 7, 1, 1550720663.922834
2, 8, 1, 1550720663.922838
2, 9, 1, 1550720663.922841
2, 10, 1, 1550720663.953207
2, 11, 1, 1550720663.953222
2, 12, 1, 1550720663.953225
2, 13, 1, 1550720663.953229
2, 14, 1, 1550720663.953232
2, 15, 1, 1550720663.953235
2, 16, 1, 1550720663.953238
2, 17, 1, 1550720663.953242
2, 18, 1, 1550720663.953245
2, 19, 1, 1550720663.953249
2, 20, 1, 1550720663.953252
2, 21, 1, 1550720663.953255
2, 22, 1, 1550720663.953258
2, 23, 1, 1550720663.953262
2, 24, 1, 1550720663.953265
2, 25, 1, 1550720663.953268
2, 26, 1, 1550720663.953271
2, 27, 1, 1550720663.953274
2, 28, 1, 1550720663.953277
2, 29, 1, 1550720663.953281
2, 30, 1, 1550720663.953284
2, 31, 1, 1550720663.953287
2, 32, 1, 1550720663.953290
2, 33, 1, 1550720663.953294
2, 34, 1, 1550720663.953297
2, 35, 1, 1550720663.953300
2, 36, 1, 1550720663.953305
2, 37, 1, 1550720663.953308
2, 38, 1, 1550720663.953311
2, 39, 1, 1550720663.953314
2, 40, 1, 1550720663.953317
2, 41, 1, 1550720663.953321
2, 42, 1, 1550720663.953324
2, 43, 1, 1550720663.953327
2, 44, 1, 1550720663.953330
2, 45, 1, 1550720663.953333
2, 46, 1, 1550720663.953336
2, 47, 1, 1550720663.953339
2, 48, 1, 1550720663.953342
2, 49, 1, 1550720663.953345
2, 50, 1, 1550720663.953348
2, 51, 1, 1550720663.953351
2, 52, 1, 1550720663.953355
2, 53, 1, 1550720663.953357
2, 54, 1, 1550720663.953361
2, 55, 1, 1550720663.953364
2, 56, 1, 1550720663.953367
2, 57, 1, 1550720663.953370
2, 58, 1, 1550720663.953373
2, 59, 1, 1550720663.953376
2, 60, 1, 1550720663.953379
2, 61, 1, 1550720663.953382
2, 62, 1, 1550720663.953385
2, 63, 1, 1550720663.953400
2, 64, 1, 1550720663.953404
2, 65, 1, 1550720663.953407
2, 66, 1, 1550720663.953410
2, 67, 1, 1550720663.953413
2, 68, 1, 1550720663.953419
2, 69, 1, 1550720663.953423
2, 70, 1, 1550720663.953426
2, 71, 1, 1550720663.953429
2, 72, 1, 1550720663.953432
2, 73, 1, 1550720663.953435
2, 74, 1, 1550720663.953439
2, 75, 1, 1550720663.953442
2, 76, 1, 1550720663.953445
2, 77, 1, 1550720663.953448
2, 78, 1, 1550720663.953451
2, 79, 1, 1550720663.953454
2, 80, 1, 1550720663.953457
2, 81, 1, 1550720663.953460
2, 82, 1, 1550720663.953463
2, 83, 1, 1550720663.953466
2, 84, 1, 1550720663.953469
2, 85, 1, 1550720663.953472
2, 86, 1, 1550720663.953475
2, 87, 1, 1550720663.953479
2, 88, 1, 1550720663.953482
2, 89, 1, 1550720663.953485
2, 90, 1, 1550720663.953488
2, 91, 1, 1550720663.953491
2, 92, 1, 1550720663.953494
2, 93, 1, 1550720663.953497
2, 94, 1, 1550720663.953500
2, 95, 1, 1550720663.953503
2, 96, 1, 1550720663.953506
2, 97, 1, 1550720663.953509
2, 98, 1, 1550720663.953512
2, 99, 1, 1550720663.953516
2, 0, 2, 1550720663.953520
2, 1, 2, 1550720663.953523
2, 2, 2, 1550720663.953526
2, 3, 2, 1550720663.953530
2, 4, 2, 1550720663.953533
2, 5, 2, 1550720663.953536
2, 6, 2, 1550720663.953539
2, 7, 2, 1550720663.953542
2, 8, 2, 1550720663.953545
2, 9, 2, 1550720663.953548
2, 10, 2, 1550720663.953551
2, 11, 2, 1550720663.953554
2, 12, 2, 1550720663.953557
2, 13, 2, 1550720663.953560
2, 14, 2, 1550720663.953563
2, 15, 2, 1550720663.953567
2, 16, 2, 1550720663.953570
2, 17, 2, 1550720663.953573
2, 18, 2, 1550720663.953576
2, 19, 2, 1550720663.953579
2, 20, 2, 1550720663.953582
2, 21, 2, 1550720663.953585
2, 22, 2, 1550720663.953588
2, 23, 2, 1550720663.953592
2, 24, 2, 1550720663.953595
2, 25, 2, 1550720663.953598
2, 26, 2, 1550720663.953601
2, 27, 2, 1550720663.953604
2, 28, 2, 1550720663.953607
2, 29, 2, 1550720663.953610
2, 30, 2, 1550720663.953613
2, 31, 2, 1550720663.953619
2, 32, 2, 1550720663.953622
2, 33, 2, 1550720663.953625
2, 34, 2, 1550720663.953628
2, 35, 2, 1550720663.953631
2, 36, 2, 1550720663.953634
2, 37, 2, 1550720663.953637
2, 38, 2, 1550720663.953640
2, 39, 2, 1550720663.953643
2, 40, 2, 1550720663.953646
2, 41, 2, 1550720663.953650
2, 42, 2, 1550720663.953653
2, 43, 2, 1550720663.953656
2, 44, 2, 1550720663.953659
2, 45, 2, 1550720663.953662
2, 46, 2, 1550720663.953665
2, 47, 2, 1550720663.953668
2, 48, 2, 1550720663.953671
2, 49, 2, 1550720663.953674
2, 50, 2, 1550720663.953677
2, 51, 2, 1550720663.953680
2, 52, 2, 1550720663.953683
2, 53, 2, 1550720663.953686
2, 54, 2, 1550720663.953690
2, 55, 2, 1550720663.953693
2, 56, 2, 1550720663.953696
2, 57, 2, 1550720663.953699
2, 58, 2, 1550720663.953702
2, 59, 2, 1550720663.953705
2, 60, 2, 1550720663.953708
2, 61, 2, 1550720663.953711
2, 62, 2, 1550720663.953714
2, 63, 2, 1550720663.953717
2, 64, 2, 1550720663.953721
2, 65, 2, 1550720663.953724
2, 66, 2, 1550720663.953727
2, 67, 2, 1550720663.953730
2, 68, 2, 1550720663.953733
2, 69, 2, 1550720663.953736
2, 70, 2, 1550720663.953739
2, 71, 2, 1550720663.953742
2, 72, 2, 1550720663.953745
2, 73, 2, 1550720663.953748
2, 74, 2, 1550720663.953751
2, 75, 2, 1550720663.953754
2, 76, 2, 1550720663.953758
2, 77, 2, 1550720663.953761
2, 78, 2, 1550720663.953764
2, 79, 2, 1550720663.953767
2, 80, 2, 1550720663.953770
2, 81, 2, 1550720663.953773
2, 82, 2, 1550720663.953788
2, 83, 2, 1550720663.953791
2, 84, 2, 1550720663.953794
2, 85, 2, 1550720663.953797
2, 86, 2, 1550720663.953800
2, 87, 2, 1550720663.953803
2, 88, 2, 1550720663.953806
2, 89, 2, 1550720663.953809
2, 90, 2, 1550720663.953812
2, 91, 2, 1550720663.953815
2, 92, 2, 1550720663.953818
2, 93, 2, 1550720663.953822
2, 94, 2, 1550720663.953827
2, 95, 2, 1550720663.953830
2, 96, 2, 1550720663.953833
2, 97, 2, 1550720663.953836
2, 98, 2, 1550720663.953839
2, 99, 2, 1550720663.953842
2, 0, 4, 1550720663.953846
2, 1, 4, 1550720663.953849
2, 2, 4, 1550720663.953852
2, 3, 4, 1550720663.953856
2, 4, 4, 1550720663.953859
2, 5, 4, 1550720663.953862
2, 6, 4, 1550720663.953865
2, 7, 4, 1550720663.953868
2, 8, 4, 1550720663.953871
2, 9, 4, 1550720663.953874
2, 10, 4, 1550720663.953877
2, 11, 4, 1550720663.953880
2, 12, 4, 1550720663.953883
2, 13, 4, 1550720663.953886
2, 14, 4, 1550720663.953889
2, 15, 4, 1550720663.953892
2, 16, 4, 1550720663.953895
2, 17, 4, 1550720663.953898
2, 18, 4, 1550720663.953901
2, 19, 4, 1550720663.953904
2, 20, 4, 1550720663.953907
2, 21, 4, 1550720663.953911
2, 22, 4, 1550720663.953914
2, 23, 4, 1550720663.953917
2, 24, 4, 1550720663.953919
2, 25, 4, 1550720663.953923
2, 26, 4, 1550720663.953926
2, 27, 4, 1550720663.953929
2, 28, 4, 1550720663.953932
2, 29, 4, 1550720663.953935
2, 30, 4, 1550720663.953938
2, 31, 4, 1550720663.953941
2, 32, 4, 1550720663.953944
2, 33, 4, 1550720663.953947
2, 34, 4, 1550720663.953950
2, 35, 4, 1550720663.953954
2, 36, 4, 1550720663.953957
2, 37, 4, 1550720663.953960
2, 38, 4, 1550720663.953963
2, 39, 4, 1550720663.953966
2, 40, 4, 1550720663.953969
2, 41, 4, 1550720663.953972
2, 42, 4, 1550720663.953975
2, 43, 4, 1550720663.953978
2, 44, 4, 1550720663.953981
2, 45, 4, 1550720663.953984
2, 46, 4, 1550720663.953987
2, 47, 4, 1550720663.953990
2, 48, 4, 1550720663.953993
2, 49, 4, 1550720663.953997
2, 50, 4, 1550720663.953999
2, 51, 4, 1550720663.954002
2, 52, 4, 1550720663.954006
2, 53, 4, 1550720663.954009
2, 54, 4, 1550720663.954012
2, 55, 4, 1550720663.954015
2, 56, 4, 1550720663.954018
2, 57, 4, 1550720663.954023
2, 58, 4, 1550720663.954026
2, 59, 4, 1550720663.954029
2, 60, 4, 1550720663.954032
2, 61, 4, 1550720663.954036
2, 62, 4, 1550720663.954038
2, 63, 4, 1550720663.954045
2, 64, 4, 1550720663.954048
2, 65, 4, 1550720663.954051
2, 66, 4, 1550720663.954054
2, 67, 4, 1550720663.954057
2, 68, 4, 1550720663.954060
2, 69, 4, 1550720663.954063
2, 70, 4, 1550720663.954067
2, 71, 4, 1550720663.954070
2, 72, 4, 1550720663.954072
2, 73, 4, 1550720663.954076
2, 74, 4, 1550720663.954079
2, 75, 4, 1550720663.954082
2, 76, 4, 1550720663.954085
2, 77, 4, 1550720663.954088
2, 78, 4, 1550720663.954091
2, 79, 4, 1550720663.954094
2, 80, 4, 1550720663.954097
2, 81, 4, 1550720663.954100
2, 82, 4, 1550720663.954103
2, 83, 4, 1550720663.954106
2, 84, 4, 1550720663.954109
2, 85, 4, 1550720663.954112
2, 86, 4, 1550720663.954115
2, 87, 4, 1550720663.954118
2, 88, 4, 1550720663.954122
2, 89, 4, 1550720663.954124
2, 90, 4, 1550720663.954128
2, 91, 4, 1550720663.954131
2, 92, 4, 1550720663.954134
2, 93, 4, 1550720663.954227
2, 94, 4, 1550720663.954232
2, 95, 4, 1550720663.954286
2, 96, 4, 1550720663.954290
2, 97, 4, 1550720663.954294
2, 98, 4, 1550720663.954297
2, 99, 4, 1550720663.954300
2, 0, 8, 1550720663.954304
2, 1, 8, 1550720663.954308
2, 2, 8, 1550720663.954311
2, 3, 8, 1550720663.954314
2, 4, 8, 1550720663.954317
2, 5, 8, 1550720663.954320
2, 6, 8, 1550720663.954324
2, 7, 8, 1550720663.954327
2, 8, 8, 1550720663.954329
2, 9, 8, 1550720663.954333
2, 10, 8, 1550720663.954336
2, 11, 8, 1550720663.954339
2, 12, 8, 1550720663.954342
2, 13, 8, 1550720663.954345
2, 14, 8, 1550720663.954348
2, 15, 8, 1550720663.954351
2, 16, 8, 1550720663.954355
2, 17, 8, 1550720663.954358
2, 18, 8, 1550720663.954361
2, 19, 8, 1550720663.954364
2, 20, 8, 1550720663.954367
2, 21, 8, 1550720663.954370
2, 22, 8, 1550720663.954374
2, 23, 8, 1550720663.954377
2, 24, 8, 1550720663.954380
2, 25, 8, 1550720663.954383
2, 26, 8, 1550720663.954386
2, 27, 8, 1550720663.954389
2, 28, 8, 1550720663.954392
2, 29, 8, 1550720663.954396
2, 30, 8, 1550720663.954399
2, 31, 8, 1550720663.954402
2, 32, 8, 1550720663.954405
2, 33, 8, 1550720663.954408
2, 34, 8, 1550720663.954412
2, 35, 8, 1550720663.954415
2, 36, 8, 1550720663.954418
2, 37, 8, 1550720663.954421
2, 38, 8, 1550720663.954424
2, 39, 8, 1550720663.954427
2, 40, 8, 1550720663.954430
2, 41, 8, 1550720663.954433
2, 42, 8, 1550720663.954436
2, 43, 8, 1550720663.954439
2, 44, 8, 1550720663.954442
2, 45, 8, 1550720663.954445
2, 46, 8, 1550720663.954449
2, 47, 8, 1550720663.954452
2, 48, 8, 1550720663.954455
2, 49, 8, 1550720663.954458
2, 50, 8, 1550720663.954461
2, 51, 8, 1550720663.954464
2, 52, 8, 1550720663.954467
2, 53, 8, 1550720663.954470
2, 54, 8, 1550720663.954473
2, 55, 8, 1550720663.954476
2, 56, 8, 1550720663.954479
2, 57, 8, 1550720663.954482
2, 58, 8, 1550720663.954485
2, 59, 8, 1550720663.954488
2, 60, 8, 1550720663.954492
2, 61, 8, 1550720663.954495
2, 62, 8, 1550720663.954498
2, 63, 8, 1550720663.954501
2, 64, 8, 1550720663.954504
2, 65, 8, 1550720663.954507
2, 66, 8, 1550720663.954510
2, 67, 8, 1550720663.954513
2, 68, 8, 1550720663.954516
2, 69, 8, 1550720663.954519
2, 70, 8, 1550720663.954522
2, 71, 8, 1550720663.954525
2, 72, 8, 1550720663.954529
2, 73, 8, 1550720663.954532
2, 74, 8, 1550720663.954535
2, 75, 8, 1550720663.954538
2, 76, 8, 1550720663.954541
2, 77, 8, 1550720663.954544
2, 78, 8, 1550720663.954547
2, 79, 8, 1550720663.954550
2, 80, 8, 1550720663.954553
2, 81, 8, 1550720663.954556
2, 82, 8, 1550720663.954560
2, 83, 8, 1550720663.954563
2, 84, 8, 1550720663.954566
2, 85, 8, 1550720663.954569
2, 86, 8, 1550720663.954572
2, 87, 8, 1550720663.954575
2, 88, 8, 1550720663.954578
2, 89, 8, 1550720663.954581
2, 90, 8, 1550720663.954584
2, 91, 8, 1550720663.954587
2, 92, 8, 1550720663.954590
2, 93, 8, 1550720663.954593
2, 94, 8, 1550720663.954597
2, 95, 8, 1550720663.954600
2, 96, 8, 1550720663.954603
2, 97, 8, 1550720663.954606
2, 98, 8, 1550720663.954609
2, 99, 8, 1550720663.954612
2, 0, 16, 1550720663.954616
2, 1, 16, 1550720663.954619
2, 2, 16, 1550720663.954622
2, 3, 16, 1550720663.954625
2, 4, 16, 1550720663.954628
2, 5, 16, 1550720663.954631
2, 6, 16, 1550720663.954634
2, 7, 16, 1550720663.954637
2, 8, 16, 1550720663.954640
2, 9, 16, 1550720663.954643
2, 10, 16, 1550720663.954647
2, 11, 16, 1550720663.954650
2, 12, 16, 1550720663.954653
2, 13, 16, 1550720663.954656
2, 14, 16, 1550720663.954659
2, 15, 16, 1550720663.954662
2, 16, 16, 1550720663.954665
2, 17, 16, 1550720663.954668
2, 18, 16, 1550720663.954671
2, 19, 16, 1550720663.954674
2, 20, 16, 1550720663.954678
2, 21, 16, 1550720663.954680
2, 22, 16, 1550720663.954684
2, 23, 16, 1550720663.954687
2, 24, 16, 1550720663.954690
2, 25, 16, 1550720663.954693
2, 26, 16, 1550720663.954696
2, 27, 16, 1550720663.954699
2, 28, 16, 1550720663.954702
2, 29, 16, 1550720663.954720
2, 30, 16, 1550720663.954726
2, 31, 16, 1550720663.954729
2, 32, 16, 1550720663.954732
2, 33, 16, 1550720663.954735
2, 34, 16, 1550720663.954738
2, 35, 16, 1550720663.954741
2, 36, 16, 1550720663.954744
2, 37, 16, 1550720663.954747
2, 38, 16, 1550720663.954750
2, 39, 16, 1550720663.954753
2, 40, 16, 1550720663.954756
2, 41, 16, 1550720663.954759
2, 42, 16, 1550720663.954762
2, 43, 16, 1550720663.954765
2, 44, 16, 1550720663.954768
2, 45, 16, 1550720663.954772
2, 46, 16, 1550720663.954775
2, 47, 16, 1550720663.954778
2, 48, 16, 1550720663.954787
2, 49, 16, 1550720663.954791
2, 50, 16, 1550720663.954794
2, 51, 16, 1550720663.954797
2, 52, 16, 1550720663.954800
2, 53, 16, 1550720663.954803
2, 54, 16, 1550720663.954807
2, 55, 16, 1550720663.954810
2, 56, 16, 1550720663.954813
2, 57, 16, 1550720663.954816
2, 58, 16, 1550720663.954819
2, 59, 16, 1550720663.954822
2, 60, 16, 1550720663.954825
2, 61, 16, 1550720663.954828
2, 62, 16, 1550720663.954831
2, 63, 16, 1550720663.954834
2, 64, 16, 1550720663.954837
2, 65, 16, 1550720663.954840
2, 66, 16, 1550720663.954843
2, 67, 16, 1550720663.954846
2, 68, 16, 1550720663.954849
2, 69, 16, 1550720663.954852
2, 70, 16, 1550720663.954856
2, 71, 16, 1550720663.954859
2, 72, 16, 1550720663.954862
2, 73, 16, 1550720663.954865
2, 74, 16, 1550720663.954868
2, 75, 16, 1550720663.954871
2, 76, 16, 1550720663.954874
2, 77, 16, 1550720663.954877
2, 78, 16, 1550720663.954880
2, 79, 16, 1550720663.954883
2, 80, 16, 1550720663.954886
2, 81, 16, 1550720663.954890
2, 82, 16, 1550720663.954893
2, 83, 16, 1550720663.954896
2, 84, 16, 1550720663.954899
2, 85, 16, 1550720663.954902
2, 86, 16, 1550720663.954905
2, 87, 16, 1550720663.954908
2, 88, 16, 1550720663.954911
2, 89, 16, 1550720663.954914
2, 90, 16, 1550720663.954917
2, 91, 16, 1550720663.954920
2, 92, 16, 1550720663.954923
2, 93, 16, 1550720663.954926
2, 94, 16, 1550720663.954929
2, 95, 16, 1550720663.954932
2, 96, 16, 1550720663.954937
2, 97, 16, 1550720663.954940
2, 98, 16, 1550720663.954943
2, 99, 16, 1550720663.954946
2, 0, 32, 1550720663.954949
2, 1, 32, 1550720663.954952
2, 2, 32, 1550720663.954956
2, 3, 32, 1550720663.954959
2, 4, 32, 1550720663.954962
2, 5, 32, 1550720663.954965
2, 6, 32, 1550720663.954968
2, 7, 32, 1550720663.954971
2, 8, 32, 1550720663.954974
2, 9, 32, 1550720663.955009
2, 10, 32, 1550720663.955013
2, 11, 32, 1550720663.955016
2, 12, 32, 1550720663.955019
2, 13, 32, 1550720663.955023
2, 14, 32, 1550720663.955026
2, 15, 32, 1550720663.955029
2, 16, 32, 1550720663.955032
2, 17, 32, 1550720663.955035
2, 18, 32, 1550720663.955038
2, 19, 32, 1550720663.955041
2, 20, 32, 1550720663.955044
2, 21, 32, 1550720663.955047
2, 22, 32, 1550720663.955050
2, 23, 32, 1550720663.955053
2, 24, 32, 1550720663.955057
2, 25, 32, 1550720663.955060
2, 26, 32, 1550720663.955063
2, 27, 32, 1550720663.955066
2, 28, 32, 1550720663.955069
2, 29, 32, 1550720663.955072
2, 30, 32, 1550720663.955075
2, 31, 32, 1550720663.955078
2, 32, 32, 1550720663.955081
2, 33, 32, 1550720663.955084
2, 34, 32, 1550720663.955087
2, 35, 32, 1550720663.955090
2, 36, 32, 1550720663.955093
2, 37, 32, 1550720663.955096
2, 38, 32, 1550720663.955099
2, 39, 32, 1550720663.955102
2, 40, 32, 1550720663.955106
2, 41, 32, 1550720663.955109
2, 42, 32, 1550720663.955112
2, 43, 32, 1550720663.955115
2, 44, 32, 1550720663.955118
2, 45, 32, 1550720663.955121
2, 46, 32, 1550720663.955124
2, 47, 32, 1550720663.955127
2, 48, 32, 1550720663.955130
2, 49, 32, 1550720663.955133
2, 50, 32, 1550720663.955136
2, 51, 32, 1550720663.955139
2, 52, 32, 1550720663.955142
2, 53, 32, 1550720663.955145
2, 54, 32, 1550720663.955148
2, 55, 32, 1550720663.955152
2, 56, 32, 1550720663.955155
2, 57, 32, 1550720663.955158
2, 58, 32, 1550720663.955161
2, 59, 32, 1550720663.955164
2, 60, 32, 1550720663.955167
2, 61, 32, 1550720663.955170
2, 62, 32, 1550720663.955173
2, 63, 32, 1550720663.955176
2, 64, 32, 1550720663.955179
2, 65, 32, 1550720663.955182
2, 66, 32, 1550720663.955185
2, 67, 32, 1550720663.955189
2, 68, 32, 1550720663.955192
2, 69, 32, 1550720663.955195
2, 70, 32, 1550720663.955198
2, 71, 32, 1550720663.955201
2, 72, 32, 1550720663.955204
2, 73, 32, 1550720663.955207
2, 74, 32, 1550720663.955210
2, 75, 32, 1550720663.955213
2, 76, 32, 1550720663.955216
2, 77, 32, 1550720663.955219
2, 78, 32, 1550720663.955222
2, 79, 32, 1550720663.955225
2, 80, 32, 1550720663.955228
2, 81, 32, 1550720663.955264
2, 82, 32, 1550720663.955267
2, 83, 32, 1550720663.955271
2, 84, 32, 1550720663.955274
2, 85, 32, 1550720663.955277
2, 86, 32, 1550720663.955280
2, 87, 32, 1550720663.955283
2, 88, 32, 1550720663.955287
2, 89, 32, 1550720663.955290
2, 90, 32, 1550720663.955293
2, 91, 32, 1550720663.955296
2, 92, 32, 1550720663.955299
2, 93, 32, 1550720663.955302
2, 94, 32, 1550720663.955305
2, 95, 32, 1550720663.955308
2, 96, 32, 1550720663.955311
2, 97, 32, 1550720663.955314
2, 98, 32, 1550720663.955317
2, 99, 32, 1550720663.955321
2, 0, 64, 1550720663.955325
2, 1, 64, 1550720663.955328
2, 2, 64, 1550720663.955331
2, 3, 64, 1550720663.955334
2, 4, 64, 1550720663.955338
2, 5, 64, 1550720663.955341
2, 6, 64, 1550720663.955344
2, 7, 64, 1550720663.955347
2, 8, 64, 1550720663.955350
2, 9, 64, 1550720663.955353
2, 10, 64, 1550720663.955357
2, 11, 64, 1550720663.955360
2, 12, 64, 1550720663.955363
2, 13, 64, 1550720663.955366
2, 14, 64, 1550720663.955369
2, 15, 64, 1550720663.955372
2, 16, 64, 1550720663.955375
2, 17, 64, 1550720663.955379
2, 18, 64, 1550720663.955383
2, 19, 64, 1550720663.955386
2, 20, 64, 1550720663.955389
2, 21, 64, 1550720663.955392
2, 22, 64, 1550720663.955395
2, 23, 64, 1550720663.955398
2, 24, 64, 1550720663.955401
2, 25, 64, 1550720663.955404
2, 26, 64, 1550720663.955407
2, 27, 64, 1550720663.955410
2, 28, 64, 1550720663.955414
2, 29, 64, 1550720663.955417
2, 30, 64, 1550720663.955420
2, 31, 64, 1550720663.955423
2, 32, 64, 1550720663.955426
2, 33, 64, 1550720663.955429
2, 34, 64, 1550720663.955432
2, 35, 64, 1550720663.955435
2, 36, 64, 1550720663.955438
2, 37, 64, 1550720663.983372
2, 38, 64, 1550720663.983382
2, 39, 64, 1550720663.983386
2, 40, 64, 1550720663.983389
2, 41, 64, 1550720663.983392
2, 42, 64, 1550720663.983395
2, 43, 64, 1550720663.983398
2, 44, 64, 1550720663.983403
2, 45, 64, 1550720663.983406
2, 46, 64, 1550720663.983409
2, 47, 64, 1550720663.983412
2, 48, 64, 1550720663.983415
2, 49, 64, 1550720663.983418
2, 50, 64, 1550720663.983422
2, 51, 64, 1550720663.983425
2, 52, 64, 1550720663.983428
2, 53, 64, 1550720663.983431
2, 54, 64, 1550720663.983434
2, 55, 64, 1550720663.983437
2, 56, 64, 1550720663.983440
2, 57, 64, 1550720663.983444
2, 58, 64, 1550720663.983447
2, 59, 64, 1550720663.983450
2, 60, 64, 1550720663.983453
2, 61, 64, 1550720663.983456
2, 62, 64, 1550720663.983459
2, 63, 64, 1550720663.983462
2, 64, 64, 1550720663.983465
2, 65, 64, 1550720663.983468
2, 66, 64, 1550720663.983471
2, 67, 64, 1550720663.983474
2, 68, 64, 1550720663.983478
2, 69, 64, 1550720663.983481
2, 70, 64, 1550720663.983484
2, 71, 64, 1550720663.983487
2, 72, 64, 1550720663.983490
2, 73, 64, 1550720663.983493
2, 74, 64, 1550720663.983496
2, 75, 64, 1550720663.983500
2, 76, 64, 1550720663.983503
2, 77, 64, 1550720663.983506
2, 78, 64, 1550720663.983509
2, 79, 64, 1550720663.983512
2, 80, 64, 1550720663.983515
2, 81, 64, 1550720663.983518
2, 82, 64, 1550720663.983521
2, 83, 64, 1550720663.983524
2, 84, 64, 1550720663.983527
2, 85, 64, 1550720663.983531
2, 86, 64, 1550720663.983534
2, 87, 64, 1550720663.983537
2, 88, 64, 1550720663.983540
2, 89, 64, 1550720663.983543
2, 90, 64, 1550720663.983546
2, 91, 64, 1550720663.983549
2, 92, 64, 1550720663.983552
2, 93, 64, 1550720663.983555
2, 94, 64, 1550720663.983558
2, 95, 64, 1550720663.983562
2, 96, 64, 1550720663.983565
2, 97, 64, 1550720663.983568
2, 98, 64, 1550720663.983571
2, 99, 64, 1550720663.983574
2, 0, 128, 1550720663.983578
2, 1, 128, 1550720663.983582
2, 2, 128, 1550720663.983585
2, 3, 128, 1550720663.983588
2, 4, 128, 1550720663.983591
2, 5, 128, 1550720663.983595
2, 6, 128, 1550720663.983598
2, 7, 128, 1550720663.983601
2, 8, 128, 1550720663.983604
2, 9, 128, 1550720663.983607
2, 10, 128, 1550720663.983610
2, 11, 128, 1550720663.983614
2, 12, 128, 1550720663.983617
2, 13, 128, 1550720663.983620
2, 14, 128, 1550720663.983624
2, 15, 128, 1550720663.983627
2, 16, 128, 1550720663.983630
2, 17, 128, 1550720663.983633
2, 18, 128, 1550720663.983636
2, 19, 128, 1550720663.984149
2, 20, 128, 1550720663.984154
2, 21, 128, 1550720663.984158
2, 22, 128, 1550720663.984161
2, 23, 128, 1550720663.984164
2, 24, 128, 1550720663.984167
2, 25, 128, 1550720663.984170
2, 26, 128, 1550720663.984174
2, 27, 128, 1550720663.984177
2, 28, 128, 1550720663.984180
2, 29, 128, 1550720663.984183
2, 30, 128, 1550720663.984186
2, 31, 128, 1550720663.984190
2, 32, 128, 1550720663.984193
2, 33, 128, 1550720663.984195
2, 34, 128, 1550720663.984199
2, 35, 128, 1550720663.984202
2, 36, 128, 1550720663.984206
2, 37, 128, 1550720663.984209
2, 38, 128, 1550720663.984212
2, 39, 128, 1550720663.984215
2, 40, 128, 1550720663.984219
2, 41, 128, 1550720663.984222
2, 42, 128, 1550720663.984225
2, 43, 128, 1550720663.984228
2, 44, 128, 1550720663.984231
2, 45, 128, 1550720663.984235
2, 46, 128, 1550720663.984238
2, 47, 128, 1550720663.984241
2, 48, 128, 1550720663.984244
2, 49, 128, 1550720663.984247
2, 50, 128, 1550720663.984250
2, 51, 128, 1550720663.984253
2, 52, 128, 1550720663.984257
2, 53, 128, 1550720663.984260
2, 54, 128, 1550720663.984263
2, 55, 128, 1550720663.984266
2, 56, 128, 1550720663.984269
2, 57, 128, 1550720663.984272
2, 58, 128, 1550720663.984276
2, 59, 128, 1550720663.984279
2, 60, 128, 1550720663.984282
2, 61, 128, 1550720663.984285
2, 62, 128, 1550720663.984288
2, 63, 128, 1550720663.984291
2, 64, 128, 1550720663.984294
2, 65, 128, 1550720663.984298
2, 66, 128, 1550720663.984301
2, 67, 128, 1550720663.984304
2, 68, 128, 1550720663.984307
2, 69, 128, 1550720663.984310
2, 70, 128, 1550720663.984313
2, 71, 128, 1550720663.984316
2, 72, 128, 1550720663.984319
2, 73, 128, 1550720663.984323
2, 74, 128, 1550720663.984326
2, 75, 128, 1550720663.984329
2, 76, 128, 1550720663.985025
2, 77, 128, 1550720663.985031
2, 78, 128, 1550720663.985034
2, 79, 128, 1550720663.985037
2, 80, 128, 1550720663.985040
2, 81, 128, 1550720663.985044
2, 82, 128, 1550720663.985047
2, 83, 128, 1550720663.985050
2, 84, 128, 1550720663.985054
2, 85, 128, 1550720663.985057
2, 86, 128, 1550720663.985060
2, 87, 128, 1550720663.985063
2, 88, 128, 1550720663.985066
2, 89, 128, 1550720663.985070
2, 90, 128, 1550720663.985073
2, 91, 128, 1550720663.985076
2, 92, 128, 1550720663.985079
2, 93, 128, 1550720663.985082
2, 94, 128, 1550720663.985085
2, 95, 128, 1550720663.985089
2, 96, 128, 1550720663.985092
2, 97, 128, 1550720663.985095
2, 98, 128, 1550720663.985098
2, 99, 128, 1550720663.985101
2, 0, 256, 1550720663.985106
2, 1, 256, 1550720663.985110
2, 2, 256, 1550720663.985114
2, 3, 256, 1550720663.985117
2, 4, 256, 1550720663.985121
2, 5, 256, 1550720663.985125
2, 6, 256, 1550720663.985128
2, 7, 256, 1550720663.985132
2, 8, 256, 1550720663.985136
2, 9, 256, 1550720663.985139
2, 10, 256, 1550720663.985142
2, 11, 256, 1550720663.985146
2, 12, 256, 1550720663.985150
2, 13, 256, 1550720663.985153
2, 14, 256, 1550720663.985157
2, 15, 256, 1550720663.985160
2, 16, 256, 1550720663.985164
2, 17, 256, 1550720663.985167
2, 18, 256, 1550720663.985960
2, 19, 256, 1550720663.985965
2, 20, 256, 1550720663.985969
2, 21, 256, 1550720663.985973
2, 22, 256, 1550720663.985976
2, 23, 256, 1550720663.985979
2, 24, 256, 1550720663.985983
2, 25, 256, 1550720663.985986
2, 26, 256, 1550720663.985990
2, 27, 256, 1550720663.985993
2, 28, 256, 1550720663.985996
2, 29, 256, 1550720663.986000
2, 30, 256, 1550720663.986004
2, 31, 256, 1550720663.986007
2, 32, 256, 1550720663.986010
2, 33, 256, 1550720663.986014
2, 34, 256, 1550720663.986017
2, 35, 256, 1550720663.986021
2, 36, 256, 1550720663.986024
2, 37, 256, 1550720663.986028
2, 38, 256, 1550720663.986032
2, 39, 256, 1550720663.986035
2, 40, 256, 1550720663.986038
2, 41, 256, 1550720663.986042
2, 42, 256, 1550720663.986045
2, 43, 256, 1550720663.986049
2, 44, 256, 1550720663.986053
2, 45, 256, 1550720663.986057
2, 46, 256, 1550720663.986060
2, 47, 256, 1550720663.986064
2, 48, 256, 1550720663.986067
2, 49, 256, 1550720663.986868
2, 50, 256, 1550720663.986874
2, 51, 256, 1550720663.986877
2, 52, 256, 1550720663.986881
2, 53, 256, 1550720663.986884
2, 54, 256, 1550720663.986887
2, 55, 256, 1550720663.986891
2, 56, 256, 1550720663.986895
2, 57, 256, 1550720663.986898
2, 58, 256, 1550720663.986902
2, 59, 256, 1550720663.986905
2, 60, 256, 1550720663.986959
2, 61, 256, 1550720663.986964
2, 62, 256, 1550720663.986968
2, 63, 256, 1550720663.986971
2, 64, 256, 1550720663.986975
2, 65, 256, 1550720663.986979
2, 66, 256, 1550720663.986983
2, 67, 256, 1550720663.986986
2, 68, 256, 1550720663.986990
2, 69, 256, 1550720663.986993
2, 70, 256, 1550720663.986997
2, 71, 256, 1550720663.987000
2, 72, 256, 1550720663.987004
2, 73, 256, 1550720663.987007
2, 74, 256, 1550720663.987011
2, 75, 256, 1550720663.987015
2, 76, 256, 1550720663.987018
2, 77, 256, 1550720663.987022
2, 78, 256, 1550720663.987026
2, 79, 256, 1550720663.987029
2, 80, 256, 1550720663.987772
2, 81, 256, 1550720663.987777
2, 82, 256, 1550720663.987781
2, 83, 256, 1550720663.987786
2, 84, 256, 1550720663.987789
2, 85, 256, 1550720663.987792
2, 86, 256, 1550720663.987796
2, 87, 256, 1550720663.987799
2, 88, 256, 1550720663.987803
2, 89, 256, 1550720663.987807
2, 90, 256, 1550720663.987811
2, 91, 256, 1550720663.987814
2, 92, 256, 1550720663.987818
2, 93, 256, 1550720663.987821
2, 94, 256, 1550720663.987824
2, 95, 256, 1550720663.987828
2, 96, 256, 1550720663.987832
2, 97, 256, 1550720663.987836
2, 98, 256, 1550720663.987839
2, 99, 256, 1550720663.987843
2, 0, 512, 1550720663.987848
2, 1, 512, 1550720663.987853
2, 2, 512, 1550720663.987857
2, 3, 512, 1550720663.987861
2, 4, 512, 1550720663.987865
2, 5, 512, 1550720663.987869
2, 6, 512, 1550720663.988630
2, 7, 512, 1550720663.988636
2, 8, 512, 1550720663.988640
2, 9, 512, 1550720663.988644
2, 10, 512, 1550720663.988648
2, 11, 512, 1550720663.988652
2, 12, 512, 1550720663.988655
2, 13, 512, 1550720663.988660
2, 14, 512, 1550720663.988664
2, 15, 512, 1550720663.988668
2, 16, 512, 1550720663.988672
2, 17, 512, 1550720663.988675
2, 18, 512, 1550720663.988691
2, 19, 512, 1550720663.988697
2, 20, 512, 1550720663.988700
2, 21, 512, 1550720663.988704
2, 22, 512, 1550720663.989565
2, 23, 512, 1550720663.989572
2, 24, 512, 1550720663.989576
2, 25, 512, 1550720663.989580
2, 26, 512, 1550720663.989584
2, 27, 512, 1550720663.989588
2, 28, 512, 1550720663.989592
2, 29, 512, 1550720663.989596
2, 30, 512, 1550720663.989599
2, 31, 512, 1550720663.989604
2, 32, 512, 1550720663.989607
2, 33, 512, 1550720663.989611
2, 34, 512, 1550720663.989615
2, 35, 512, 1550720663.989619
2, 36, 512, 1550720663.989623
2, 37, 512, 1550720663.989627
2, 38, 512, 1550720663.989631
2, 39, 512, 1550720663.990423
2, 40, 512, 1550720663.990429
2, 41, 512, 1550720663.990433
2, 42, 512, 1550720663.990437
2, 43, 512, 1550720663.990441
2, 44, 512, 1550720663.990445
2, 45, 512, 1550720663.990449
2, 46, 512, 1550720663.990453
2, 47, 512, 1550720663.990457
2, 48, 512, 1550720663.990461
2, 49, 512, 1550720663.990465
2, 50, 512, 1550720663.990469
2, 51, 512, 1550720663.990473
2, 52, 512, 1550720663.990476
2, 53, 512, 1550720663.990480
2, 54, 512, 1550720663.990484
2, 55, 512, 1550720664.014382
2, 56, 512, 1550720664.014395
2, 57, 512, 1550720664.014400
2, 58, 512, 1550720664.014404
2, 59, 512, 1550720664.014408
2, 60, 512, 1550720664.014412
2, 61, 512, 1550720664.014416
2, 62, 512, 1550720664.014421
2, 63, 512, 1550720664.014424
2, 64, 512, 1550720664.014428
2, 65, 512, 1550720664.014432
2, 66, 512, 1550720664.014436
2, 67, 512, 1550720664.014440
2, 68, 512, 1550720664.014444
2, 69, 512, 1550720664.014448
2, 70, 512, 1550720664.014452
2, 71, 512, 1550720664.015149
2, 72, 512, 1550720664.015155
2, 73, 512, 1550720664.015159
2, 74, 512, 1550720664.015163
2, 75, 512, 1550720664.015167
2, 76, 512, 1550720664.015171
2, 77, 512, 1550720664.015175
2, 78, 512, 1550720664.015179
2, 79, 512, 1550720664.015183
2, 80, 512, 1550720664.015187
2, 81, 512, 1550720664.015191
2, 82, 512, 1550720664.015195
2, 83, 512, 1550720664.015198
2, 84, 512, 1550720664.015202
2, 85, 512, 1550720664.015206
2, 86, 512, 1550720664.015210
2, 87, 512, 1550720664.015214
2, 88, 512, 1550720664.016077
2, 89, 512, 1550720664.016083
2, 90, 512, 1550720664.016088
2, 91, 512, 1550720664.016092
2, 92, 512, 1550720664.016096
2, 93, 512, 1550720664.016100
2, 94, 512, 1550720664.016104
2, 95, 512, 1550720664.016109
2, 96, 512, 1550720664.016113
2, 97, 512, 1550720664.016117
2, 98, 512, 1550720664.016121
2, 99, 512, 1550720664.016125
2, 0, 1024, 1550720664.016130
2, 1, 1024, 1550720664.016135
2, 2, 1024, 1550720664.016929
2, 3, 1024, 1550720664.016937
2, 4, 1024, 1550720664.016941
2, 5, 1024, 1550720664.016945
2, 6, 1024, 1550720664.016949
2, 7, 1024, 1550720664.016953
2, 8, 1024, 1550720664.016958
2, 9, 1024, 1550720664.016962
2, 10, 1024, 1550720664.017862
2, 11, 1024, 1550720664.017869
2, 12, 1024, 1550720664.017873
2, 13, 1024, 1550720664.017877
2, 14, 1024, 1550720664.017881
2, 15, 1024, 1550720664.017886
2, 16, 1024, 1550720664.017890
2, 17, 1024, 1550720664.017894
2, 18, 1024, 1550720664.017898
2, 19, 1024, 1550720664.018785
2, 20, 1024, 1550720664.018791
2, 21, 1024, 1550720664.018795
2, 22, 1024, 1550720664.018799
2, 23, 1024, 1550720664.018803
2, 24, 1024, 1550720664.018807
2, 25, 1024, 1550720664.018811
2, 26, 1024, 1550720664.018815
2, 27, 1024, 1550720664.019625
2, 28, 1024, 1550720664.019631
2, 29, 1024, 1550720664.019635
2, 30, 1024, 1550720664.019639
2, 31, 1024, 1550720664.019644
2, 32, 1024, 1550720664.019648
2, 33, 1024, 1550720664.019652
2, 34, 1024, 1550720664.019656
2, 35, 1024, 1550720664.019660
2, 36, 1024, 1550720664.020588
2, 37, 1024, 1550720664.020595
2, 38, 1024, 1550720664.020600
2, 39, 1024, 1550720664.020604
2, 40, 1024, 1550720664.020608
2, 41, 1024, 1550720664.020613
2, 42, 1024, 1550720664.020617
2, 43, 1024, 1550720664.020621
2, 44, 1024, 1550720664.021420
2, 45, 1024, 1550720664.021427
2, 46, 1024, 1550720664.021432
2, 47, 1024, 1550720664.021436
2, 48, 1024, 1550720664.021441
2, 49, 1024, 1550720664.021445
2, 50, 1024, 1550720664.021449
2, 51, 1024, 1550720664.021453
2, 52, 1024, 1550720664.021457
2, 53, 1024, 1550720664.022388
2, 54, 1024, 1550720664.022393
2, 55, 1024, 1550720664.022398
2, 56, 1024, 1550720664.022402
2, 57, 1024, 1550720664.022406
2, 58, 1024, 1550720664.022411
2, 59, 1024, 1550720664.022415
2, 60, 1024, 1550720664.022419
2, 61, 1024, 1550720664.023302
2, 62, 1024, 1550720664.023309
2, 63, 1024, 1550720664.023313
2, 64, 1024, 1550720664.023318
2, 65, 1024, 1550720664.023322
2, 66, 1024, 1550720664.023326
2, 67, 1024, 1550720664.023330
2, 68, 1024, 1550720664.023335
2, 69, 1024, 1550720664.023339
2, 70, 1024, 1550720664.024156
2, 71, 1024, 1550720664.024162
2, 72, 1024, 1550720664.024166
2, 73, 1024, 1550720664.024170
2, 74, 1024, 1550720664.024175
2, 75, 1024, 1550720664.024179
2, 76, 1024, 1550720664.024183
2, 77, 1024, 1550720664.024188
2, 78, 1024, 1550720664.025043
2, 79, 1024, 1550720664.025050
2, 80, 1024, 1550720664.025054
2, 81, 1024, 1550720664.025058
2, 82, 1024, 1550720664.025062
2, 83, 1024, 1550720664.025067
2, 84, 1024, 1550720664.025071
2, 85, 1024, 1550720664.025075
2, 86, 1024, 1550720664.025079
2, 87, 1024, 1550720664.025937
2, 88, 1024, 1550720664.025943
2, 89, 1024, 1550720664.025947
2, 90, 1024, 1550720664.025951
2, 91, 1024, 1550720664.025956
2, 92, 1024, 1550720664.025960
2, 93, 1024, 1550720664.025964
2, 94, 1024, 1550720664.025969
2, 95, 1024, 1550720664.026842
2, 96, 1024, 1550720664.026848
2, 97, 1024, 1550720664.026852
2, 98, 1024, 1550720664.026856
2, 99, 1024, 1550720664.026861
2, 0, 2048, 1550720664.026866
2, 1, 2048, 1550720664.026871
2, 2, 2048, 1550720664.027779
2, 3, 2048, 1550720664.027786
2, 4, 2048, 1550720664.027790
2, 5, 2048, 1550720664.027796
2, 6, 2048, 1550720664.028759
2, 7, 2048, 1550720664.028766
2, 8, 2048, 1550720664.028770
2, 9, 2048, 1550720664.028775
2, 10, 2048, 1550720664.029577
2, 11, 2048, 1550720664.029585
2, 12, 2048, 1550720664.029590
2, 13, 2048, 1550720664.029595
2, 14, 2048, 1550720664.029600
2, 15, 2048, 1550720664.030518
2, 16, 2048, 1550720664.030525
2, 17, 2048, 1550720664.030530
2, 18, 2048, 1550720664.030535
2, 19, 2048, 1550720664.031439
2, 20, 2048, 1550720664.031446
2, 21, 2048, 1550720664.031451
2, 22, 2048, 1550720664.031456
2, 23, 2048, 1550720664.032275
2, 24, 2048, 1550720664.032282
2, 25, 2048, 1550720664.032287
2, 26, 2048, 1550720664.032292
2, 27, 2048, 1550720664.033134
2, 28, 2048, 1550720664.033141
2, 29, 2048, 1550720664.033146
2, 30, 2048, 1550720664.033222
2, 31, 2048, 1550720664.033228
2, 32, 2048, 1550720664.034060
2, 33, 2048, 1550720664.034067
2, 34, 2048, 1550720664.034072
2, 35, 2048, 1550720664.034077
2, 36, 2048, 1550720664.044613
2, 37, 2048, 1550720664.044622
2, 38, 2048, 1550720664.044628
2, 39, 2048, 1550720664.044633
2, 40, 2048, 1550720664.045406
2, 41, 2048, 1550720664.045414
2, 42, 2048, 1550720664.045419
2, 43, 2048, 1550720664.045424
2, 44, 2048, 1550720664.045429
2, 45, 2048, 1550720664.046276
2, 46, 2048, 1550720664.046283
2, 47, 2048, 1550720664.046288
2, 48, 2048, 1550720664.046293
2, 49, 2048, 1550720664.047191
2, 50, 2048, 1550720664.047198
2, 51, 2048, 1550720664.047204
2, 52, 2048, 1550720664.047209
2, 53, 2048, 1550720664.048105
2, 54, 2048, 1550720664.048112
2, 55, 2048, 1550720664.048117
2, 56, 2048, 1550720664.048121
2, 57, 2048, 1550720664.048126
2, 58, 2048, 1550720664.049030
2, 59, 2048, 1550720664.049039
2, 60, 2048, 1550720664.049043
2, 61, 2048, 1550720664.049048
2, 62, 2048, 1550720664.049910
2, 63, 2048, 1550720664.049917
2, 64, 2048, 1550720664.049922
2, 65, 2048, 1550720664.049927
2, 66, 2048, 1550720664.050786
2, 67, 2048, 1550720664.050792
2, 68, 2048, 1550720664.050797
2, 69, 2048, 1550720664.050802
2, 70, 2048, 1550720664.051695
2, 71, 2048, 1550720664.051701
2, 72, 2048, 1550720664.051708
2, 73, 2048, 1550720664.051713
2, 74, 2048, 1550720664.051718
2, 75, 2048, 1550720664.052737
2, 76, 2048, 1550720664.052745
2, 77, 2048, 1550720664.052750
2, 78, 2048, 1550720664.052755
2, 79, 2048, 1550720664.052760
2, 80, 2048, 1550720664.052764
2, 81, 2048, 1550720664.052769
2, 82, 2048, 1550720664.052774
2, 83, 2048, 1550720664.054481
2, 84, 2048, 1550720664.054487
2, 85, 2048, 1550720664.054493
2, 86, 2048, 1550720664.054497
2, 87, 2048, 1550720664.054502
2, 88, 2048, 1550720664.054507
2, 89, 2048, 1550720664.054512
2, 90, 2048, 1550720664.054517
2, 91, 2048, 1550720664.054521
2, 92, 2048, 1550720664.056276
2, 93, 2048, 1550720664.056284
2, 94, 2048, 1550720664.056289
2, 95, 2048, 1550720664.056294
2, 96, 2048, 1550720664.056299
2, 97, 2048, 1550720664.056304
2, 98, 2048, 1550720664.056309
2, 99, 2048, 1550720664.056314
2, 0, 4096, 1550720664.058069
2, 1, 4096, 1550720664.058078
2, 2, 4096, 1550720664.058084
2, 3, 4096, 1550720664.058090
2, 4, 4096, 1550720664.059903
2, 5, 4096, 1550720664.059912
2, 6, 4096, 1550720664.059917
2, 7, 4096, 1550720664.059923
2, 8, 4096, 1550720664.059928
2, 9, 4096, 1550720664.061680
2, 10, 4096, 1550720664.061688
2, 11, 4096, 1550720664.061694
2, 12, 4096, 1550720664.061700
2, 13, 4096, 1550720664.063459
2, 14, 4096, 1550720664.063467
2, 15, 4096, 1550720664.063540
2, 16, 4096, 1550720664.063548
2, 17, 4096, 1550720664.065275
2, 18, 4096, 1550720664.065284
2, 19, 4096, 1550720664.065289
2, 20, 4096, 1550720664.065294
2, 21, 4096, 1550720664.065300
2, 22, 4096, 1550720664.067089
2, 23, 4096, 1550720664.067096
2, 24, 4096, 1550720664.067968
2, 25, 4096, 1550720664.067976
2, 26, 4096, 1550720664.068038
2, 27, 4096, 1550720664.068044
2, 28, 4096, 1550720664.069759
2, 29, 4096, 1550720664.069767
2, 30, 4096, 1550720664.070734
2, 31, 4096, 1550720664.070741
2, 32, 4096, 1550720664.070747
2, 33, 4096, 1550720664.070753
2, 34, 4096, 1550720664.070758
2, 35, 4096, 1550720664.072499
2, 36, 4096, 1550720664.072507
2, 37, 4096, 1550720664.072512
2, 38, 4096, 1550720664.072517
2, 39, 4096, 1550720664.074294
2, 40, 4096, 1550720664.074302
2, 41, 4096, 1550720664.074307
2, 42, 4096, 1550720664.074313
2, 43, 4096, 1550720664.076104
2, 44, 4096, 1550720664.076112
2, 45, 4096, 1550720664.076117
2, 46, 4096, 1550720664.076122
2, 47, 4096, 1550720664.076128
2, 48, 4096, 1550720664.077944
2, 49, 4096, 1550720664.077953
2, 50, 4096, 1550720664.077958
2, 51, 4096, 1550720664.077964
2, 52, 4096, 1550720664.079688
2, 53, 4096, 1550720664.079696
2, 54, 4096, 1550720664.080560
2, 55, 4096, 1550720664.080568
2, 56, 4096, 1550720664.080640
2, 57, 4096, 1550720664.080647
2, 58, 4096, 1550720664.080653
2, 59, 4096, 1550720664.082470
2, 60, 4096, 1550720664.082479
2, 61, 4096, 1550720664.082540
2, 62, 4096, 1550720664.082547
2, 63, 4096, 1550720664.084197
2, 64, 4096, 1550720664.084206
2, 65, 4096, 1550720664.084280
2, 66, 4096, 1550720664.084288
2, 67, 4096, 1550720664.086017
2, 68, 4096, 1550720664.086025
2, 69, 4096, 1550720664.086967
2, 70, 4096, 1550720664.086975
2, 71, 4096, 1550720664.086981
2, 72, 4096, 1550720664.086986
2, 73, 4096, 1550720664.086991
2, 74, 4096, 1550720664.088765
2, 75, 4096, 1550720664.088773
2, 76, 4096, 1550720664.089775
2, 77, 4096, 1550720664.089783
2, 78, 4096, 1550720664.089863
2, 79, 4096, 1550720664.089870
2, 80, 4096, 1550720664.091448
2, 81, 4096, 1550720664.091456
2, 82, 4096, 1550720664.091462
2, 83, 4096, 1550720664.091467
2, 84, 4096, 1550720664.091473
2, 85, 4096, 1550720664.093357
2, 86, 4096, 1550720664.093365
2, 87, 4096, 1550720664.093371
2, 88, 4096, 1550720664.093376
2, 89, 4096, 1550720664.095191
2, 90, 4096, 1550720664.095199
2, 91, 4096, 1550720664.095205
2, 92, 4096, 1550720664.095210
2, 93, 4096, 1550720664.096951
2, 94, 4096, 1550720664.096960
2, 95, 4096, 1550720664.096965
2, 96, 4096, 1550720664.096971
2, 97, 4096, 1550720664.096976
2, 98, 4096, 1550720664.098709
2, 99, 4096, 1550720664.098717
2, 0, 8192, 1550720664.099649
2, 1, 8192, 1550720664.099717
2, 2, 8192, 1550720664.101442
2, 3, 8192, 1550720664.101452
2, 4, 8192, 1550720664.103195
2, 5, 8192, 1550720664.103275
2, 6, 8192, 1550720664.105047
2, 7, 8192, 1550720664.106038
2, 8, 8192, 1550720664.106047
2, 9, 8192, 1550720664.107735
2, 10, 8192, 1550720664.107744
2, 11, 8192, 1550720664.107810
2, 12, 8192, 1550720664.109582
2, 13, 8192, 1550720664.109667
2, 14, 8192, 1550720664.111396
2, 15, 8192, 1550720664.112316
2, 16, 8192, 1550720664.112326
2, 17, 8192, 1550720664.114152
2, 18, 8192, 1550720664.114162
2, 19, 8192, 1550720664.115926
2, 20, 8192, 1550720664.115935
2, 21, 8192, 1550720664.117695
2, 22, 8192, 1550720664.118646
2, 23, 8192, 1550720664.118656
2, 24, 8192, 1550720664.118663
2, 25, 8192, 1550720664.120449
2, 26, 8192, 1550720664.120457
2, 27, 8192, 1550720664.122282
2, 28, 8192, 1550720664.122292
2, 29, 8192, 1550720664.124020
2, 30, 8192, 1550720664.125014
2, 31, 8192, 1550720664.125023
2, 32, 8192, 1550720664.126769
2, 33, 8192, 1550720664.126782
2, 34, 8192, 1550720664.128580
2, 35, 8192, 1550720664.128588
2, 36, 8192, 1550720664.128595
2, 37, 8192, 1550720664.130362
2, 38, 8192, 1550720664.131256
2, 39, 8192, 1550720664.131265
2, 40, 8192, 1550720664.133174
2, 41, 8192, 1550720664.133183
2, 42, 8192, 1550720664.134912
2, 43, 8192, 1550720664.135795
2, 44, 8192, 1550720664.135805
2, 45, 8192, 1550720664.137653
2, 46, 8192, 1550720664.137663
2, 47, 8192, 1550720664.137669
2, 48, 8192, 1550720664.139431
2, 49, 8192, 1550720664.140355
2, 50, 8192, 1550720664.140364
2, 51, 8192, 1550720664.142216
2, 52, 8192, 1550720664.142226
2, 53, 8192, 1550720664.143976
2, 54, 8192, 1550720664.143985
2, 55, 8192, 1550720664.145819
2, 56, 8192, 1550720664.145828
2, 57, 8192, 1550720664.147580
2, 58, 8192, 1550720664.148502
2, 59, 8192, 1550720664.148511
2, 60, 8192, 1550720664.148518
2, 61, 8192, 1550720664.150285
2, 62, 8192, 1550720664.150294
2, 63, 8192, 1550720664.152081
2, 64, 8192, 1550720664.153047
2, 65, 8192, 1550720664.153056
2, 66, 8192, 1550720664.154878
2, 67, 8192, 1550720664.154887
2, 68, 8192, 1550720664.156580
2, 69, 8192, 1550720664.157548
2, 70, 8192, 1550720664.157558
2, 71, 8192, 1550720664.159373
2, 72, 8192, 1550720664.159382
2, 73, 8192, 1550720664.159388
2, 74, 8192, 1550720664.161192
2, 75, 8192, 1550720664.161201
2, 76, 8192, 1550720664.162940
2, 77, 8192, 1550720664.162949
2, 78, 8192, 1550720664.164739
2, 79, 8192, 1550720664.164749
2, 80, 8192, 1550720664.166586
2, 81, 8192, 1550720664.166595
2, 82, 8192, 1550720664.168318
2, 83, 8192, 1550720664.169273
2, 84, 8192, 1550720664.169282
2, 85, 8192, 1550720664.169289
2, 86, 8192, 1550720664.171048
2, 87, 8192, 1550720664.171058
2, 88, 8192, 1550720664.172934
2, 89, 8192, 1550720664.172944
2, 90, 8192, 1550720664.174623
2, 91, 8192, 1550720664.175572
2, 92, 8192, 1550720664.175618
2, 93, 8192, 1550720664.177388
2, 94, 8192, 1550720664.177398
2, 95, 8192, 1550720664.179209
2, 96, 8192, 1550720664.179282
2, 97, 8192, 1550720664.179290
2, 98, 8192, 1550720664.180970
2, 99, 8192, 1550720664.181899
2, 0, 16384, 1550720664.183751
2, 1, 16384, 1550720664.185563
2, 2, 16384, 1550720664.187342
2, 3, 16384, 1550720664.188252
2, 4, 16384, 1550720664.190064
2, 5, 16384, 1550720664.191923
2, 6, 16384, 1550720664.193671
2, 7, 16384, 1550720664.194643
2, 8, 16384, 1550720664.197298
2, 9, 16384, 1550720664.199154
2, 10, 16384, 1550720664.199166
2, 11, 16384, 1550720664.200906
2, 12, 16384, 1550720664.202751
2, 13, 16384, 1550720664.204536
2, 14, 16384, 1550720664.207285
2, 15, 16384, 1550720664.209111
2, 16, 16384, 1550720664.209123
2, 17, 16384, 1550720664.211755
2, 18, 16384, 1550720664.213643
2, 19, 16384, 1550720664.215407
2, 20, 16384, 1550720664.217201
2, 21, 16384, 1550720664.219056
2, 22, 16384, 1550720664.219906
2, 23, 16384, 1550720664.221790
2, 24, 16384, 1550720664.223475
2, 25, 16384, 1550720664.224434
2, 26, 16384, 1550720664.226284
2, 27, 16384, 1550720664.228080
2, 28, 16384, 1550720664.229797
2, 29, 16384, 1550720664.231586
2, 30, 16384, 1550720664.232612
2, 31, 16384, 1550720664.234380
2, 32, 16384, 1550720664.236167
2, 33, 16384, 1550720664.238886
2, 34, 16384, 1550720664.238974
2, 35, 16384, 1550720664.240726
2, 36, 16384, 1550720664.242495
2, 37, 16384, 1550720664.245236
2, 38, 16384, 1550720664.247038
2, 39, 16384, 1550720664.248868
2, 40, 16384, 1550720664.248880
2, 41, 16384, 1550720664.251518
2, 42, 16384, 1550720664.253380
2, 43, 16384, 1550720664.255204
2, 44, 16384, 1550720664.256929
2, 45, 16384, 1550720664.257872
2, 46, 16384, 1550720664.259637
2, 47, 16384, 1550720664.261460
2, 48, 16384, 1550720664.262378
2, 49, 16384, 1550720664.264194
2, 50, 16384, 1550720664.266910
2, 51, 16384, 1550720664.268780
2, 52, 16384, 1550720664.268793
2, 53, 16384, 1550720664.270583
2, 54, 16384, 1550720664.272370
2, 55, 16384, 1550720664.274161
2, 56, 16384, 1550720664.276902
2, 57, 16384, 1550720664.278651
2, 58, 16384, 1550720664.280500
2, 59, 16384, 1550720664.280512
2, 60, 16384, 1550720664.283185
2, 61, 16384, 1550720664.285003
2, 62, 16384, 1550720664.285903
2, 63, 16384, 1550720664.287732
2, 64, 16384, 1550720664.289552
2, 65, 16384, 1550720664.291479
2, 66, 16384, 1550720664.293142
2, 67, 16384, 1550720664.294046
2, 68, 16384, 1550720664.295871
2, 69, 16384, 1550720664.297687
2, 70, 16384, 1550720664.299516
2, 71, 16384, 1550720664.301244
2, 72, 16384, 1550720664.302183
2, 73, 16384, 1550720664.303991
2, 74, 16384, 1550720664.305897
2, 75, 16384, 1550720664.308643
2, 76, 16384, 1550720664.310391
2, 77, 16384, 1550720664.310403
2, 78, 16384, 1550720664.312236
2, 79, 16384, 1550720664.314842
2, 80, 16384, 1550720664.316754
2, 81, 16384, 1550720664.318532
2, 82, 16384, 1550720664.320299
2, 83, 16384, 1550720664.321253
2, 84, 16384, 1550720664.323032
2, 85, 16384, 1550720664.324860
2, 86, 16384, 1550720664.326592
2, 87, 16384, 1550720664.327637
2, 88, 16384, 1550720664.329368
2, 89, 16384, 1550720664.331124
2, 90, 16384, 1550720664.332139
2, 91, 16384, 1550720664.333879
2, 92, 16384, 1550720664.335640
2, 93, 16384, 1550720664.337443
2, 94, 16384, 1550720664.340125
2, 95, 16384, 1550720664.340206
2, 96, 16384, 1550720664.342067
2, 97, 16384, 1550720664.343807
2, 98, 16384, 1550720664.346485
2, 99, 16384, 1550720664.348315
2, 0, 32768, 1550720664.350178
2, 1, 32768, 1550720664.354676
2, 2, 32768, 1550720664.358216
2, 3, 32768, 1550720664.360985
2, 4, 32768, 1550720664.364540
2, 5, 32768, 1550720664.367294
2, 6, 32768, 1550720664.370918
2, 7, 32768, 1550720664.373695
2, 8, 32768, 1550720664.378164
2, 9, 32768, 1550720664.379983
2, 10, 32768, 1550720664.384474
2, 11, 32768, 1550720664.388101
2, 12, 32768, 1550720664.390800
2, 13, 32768, 1550720664.394437
2, 14, 32768, 1550720664.397101
2, 15, 32768, 1550720664.400752
2, 16, 32768, 1550720664.403430
2, 17, 32768, 1550720664.407093
2, 18, 32768, 1550720664.409810
2, 19, 32768, 1550720664.414345
2, 20, 32768, 1550720664.417930
2, 21, 32768, 1550720664.419760
2, 22, 32768, 1550720664.424273
2, 23, 32768, 1550720664.426961
2, 24, 32768, 1550720664.429702
2, 25, 32768, 1550720664.433277
2, 26, 32768, 1550720664.436983
2, 27, 32768, 1550720664.440490
2, 28, 32768, 1550720664.443207
2, 29, 32768, 1550720664.447823
2, 30, 32768, 1550720664.450524
2, 31, 32768, 1550720664.454182
2, 32, 32768, 1550720664.457770
2, 33, 32768, 1550720664.460485
2, 34, 32768, 1550720664.464052
2, 35, 32768, 1550720664.467632
2, 36, 32768, 1550720664.469478
2, 37, 32768, 1550720664.473098
2, 38, 32768, 1550720664.476736
2, 39, 32768, 1550720664.479406
2, 40, 32768, 1550720664.482974
2, 41, 32768, 1550720664.487448
2, 42, 32768, 1550720664.490259
2, 43, 32768, 1550720664.493891
2, 44, 32768, 1550720664.497479
2, 45, 32768, 1550720664.500238
2, 46, 32768, 1550720664.503750
2, 47, 32768, 1550720664.506541
2, 48, 32768, 1550720664.510158
2, 49, 32768, 1550720664.512893
2, 50, 32768, 1550720664.517383
2, 51, 32768, 1550720664.519258
2, 52, 32768, 1550720664.523755
2, 53, 32768, 1550720664.527349
2, 54, 32768, 1550720664.530040
2, 55, 32768, 1550720664.533652
2, 56, 32768, 1550720664.536361
2, 57, 32768, 1550720664.540055
2, 58, 32768, 1550720664.542760
2, 59, 32768, 1550720664.546345
2, 60, 32768, 1550720664.549227
2, 61, 32768, 1550720664.553609
2, 62, 32768, 1550720664.557212
2, 63, 32768, 1550720664.558975
2, 64, 32768, 1550720664.563506
2, 65, 32768, 1550720664.567105
2, 66, 32768, 1550720664.569831
2, 67, 32768, 1550720664.573412
2, 68, 32768, 1550720664.576184
2, 69, 32768, 1550720664.579746
2, 70, 32768, 1550720664.582544
2, 71, 32768, 1550720664.587080
2, 72, 32768, 1550720664.589728
2, 73, 32768, 1550720664.593349
2, 74, 32768, 1550720664.596108
2, 75, 32768, 1550720664.599766
2, 76, 32768, 1550720664.603412
2, 77, 32768, 1550720664.606012
2, 78, 32768, 1550720664.609610
2, 79, 32768, 1550720664.612345
2, 80, 32768, 1550720664.615965
2, 81, 32768, 1550720664.618634
2, 82, 32768, 1550720664.622273
2, 83, 32768, 1550720664.626841
2, 84, 32768, 1550720664.628604
2, 85, 32768, 1550720664.633145
2, 86, 32768, 1550720664.636689
2, 87, 32768, 1550720664.639443
2, 88, 32768, 1550720664.643059
2, 89, 32768, 1550720664.646709
2, 90, 32768, 1550720664.648552
2, 91, 32768, 1550720664.652112
2, 92, 32768, 1550720664.656607
2, 93, 32768, 1550720664.658508
2, 94, 32768, 1550720664.662973
2, 95, 32768, 1550720664.666626
2, 96, 32768, 1550720664.669308
2, 97, 32768, 1550720664.672943
2, 98, 32768, 1550720664.675626
2, 99, 32768, 1550720664.679168
2, 0, 65536, 1550720664.729444
2, 1, 65536, 1550720664.803054
2, 2, 65536, 1550720664.876785
2, 3, 65536, 1550720664.950469
2, 4, 65536, 1550720665.024091
2, 5, 65536, 1550720665.097753
2, 6, 65536, 1550720665.171365
2, 7, 65536, 1550720665.245260
2, 8, 65536, 1550720665.318969
2, 9, 65536, 1550720665.392483
2, 10, 65536, 1550720665.466546
2, 11, 65536, 1550720665.540118
2, 12, 65536, 1550720665.614150
2, 13, 65536, 1550720665.687939
2, 14, 65536, 1550720665.761740
2, 15, 65536, 1550720665.835464
2, 16, 65536, 1550720665.909206
2, 17, 65536, 1550720665.982935
2, 18, 65536, 1550720666.056570
2, 19, 65536, 1550720666.130192
2, 20, 65536, 1550720666.203920
2, 21, 65536, 1550720666.277514
2, 22, 65536, 1550720666.351087
2, 23, 65536, 1550720666.424926
2, 24, 65536, 1550720666.498772
2, 25, 65536, 1550720666.572404
2, 26, 65536, 1550720666.693535
2, 27, 65536, 1550720666.767311
2, 28, 65536, 1550720666.841023
2, 29, 65536, 1550720666.914807
2, 30, 65536, 1550720666.988665
2, 31, 65536, 1550720667.062331
2, 32, 65536, 1550720667.136142
2, 33, 65536, 1550720667.209981
2, 34, 65536, 1550720667.283714
2, 35, 65536, 1550720667.357783
2, 36, 65536, 1550720667.431442
2, 37, 65536, 1550720667.505251
2, 38, 65536, 1550720667.579019
2, 39, 65536, 1550720667.652622
2, 40, 65536, 1550720667.726334
2, 41, 65536, 1550720667.800081
2, 42, 65536, 1550720667.873565
2, 43, 65536, 1550720667.947262
2, 44, 65536, 1550720668.020937
2, 45, 65536, 1550720668.094831
2, 46, 65536, 1550720668.168512
2, 47, 65536, 1550720668.242067
2, 48, 65536, 1550720668.315675
2, 49, 65536, 1550720668.389223
2, 50, 65536, 1550720668.462893
2, 51, 65536, 1550720668.536456
2, 52, 65536, 1550720668.610043
2, 53, 65536, 1550720668.683732
2, 54, 65536, 1550720668.757542
2, 55, 65536, 1550720668.831092
2, 56, 65536, 1550720668.904944
2, 57, 65536, 1550720668.978860
2, 58, 65536, 1550720669.052766
2, 59, 65536, 1550720669.126524
2, 60, 65536, 1550720669.200207
2, 61, 65536, 1550720669.273956
2, 62, 65536, 1550720669.348063
2, 63, 65536, 1550720669.421699
2, 64, 65536, 1550720669.495411
2, 65, 65536, 1550720669.569230
2, 66, 65536, 1550720669.642961
2, 67, 65536, 1550720669.716481
2, 68, 65536, 1550720669.790060
2, 69, 65536, 1550720669.863872
2, 70, 65536, 1550720669.937551
2, 71, 65536, 1550720670.011694
2, 72, 65536, 1550720670.085478
2, 73, 65536, 1550720670.159140
2, 74, 65536, 1550720670.232957
2, 75, 65536, 1550720670.306523
2, 76, 65536, 1550720670.380394
2, 77, 65536, 1550720670.453992
2, 78, 65536, 1550720670.527503
2, 79, 65536, 1550720670.601249
2, 80, 65536, 1550720670.674856
2, 81, 65536, 1550720670.748596
2, 82, 65536, 1550720670.822215
2, 83, 65536, 1550720670.895924
2, 84, 65536, 1550720670.969478
2, 85, 65536, 1550720671.043044
2, 86, 65536, 1550720671.116583
2, 87, 65536, 1550720671.190195
2, 88, 65536, 1550720671.263837
2, 89, 65536, 1550720671.337321
2, 90, 65536, 1550720671.410928
2, 91, 65536, 1550720671.484558
2, 92, 65536, 1550720671.558200
2, 93, 65536, 1550720671.631872
2, 94, 65536, 1550720671.705789
2, 95, 65536, 1550720671.779587
2, 96, 65536, 1550720671.853050
2, 97, 65536, 1550720671.926526
2, 98, 65536, 1550720672.000050
2, 99, 65536, 1550720672.073603
2, 0, 131072, 1550720672.160716
2, 1, 131072, 1550720672.247550
2, 2, 131072, 1550720672.334544
2, 3, 131072, 1550720672.421369
2, 4, 131072, 1550720672.508327
2, 5, 131072, 1550720672.595238
2, 6, 131072, 1550720672.682127
2, 7, 131072, 1550720672.769090
2, 8, 131072, 1550720672.856066
2, 9, 131072, 1550720672.943039
2, 10, 131072, 1550720673.029953
2, 11, 131072, 1550720673.116843
2, 12, 131072, 1550720673.203800
2, 13, 131072, 1550720673.290726
2, 14, 131072, 1550720673.377619
2, 15, 131072, 1550720673.464516
2, 16, 131072, 1550720673.551429
2, 17, 131072, 1550720673.638375
2, 18, 131072, 1550720673.725266
2, 19, 131072, 1550720673.812789
2, 20, 131072, 1550720673.899690
2, 21, 131072, 1550720673.986547
2, 22, 131072, 1550720674.073438
2, 23, 131072, 1550720674.160362
2, 24, 131072, 1550720674.247257
2, 25, 131072, 1550720674.334200
2, 26, 131072, 1550720674.422115
2, 27, 131072, 1550720674.509742
2, 28, 131072, 1550720674.596711
2, 29, 131072, 1550720674.683699
2, 30, 131072, 1550720674.770589
2, 31, 131072, 1550720674.857416
2, 32, 131072, 1550720674.944445
2, 33, 131072, 1550720675.031506
2, 34, 131072, 1550720675.118432
2, 35, 131072, 1550720675.205441
2, 36, 131072, 1550720675.292406
2, 37, 131072, 1550720675.379378
2, 38, 131072, 1550720675.466382
2, 39, 131072, 1550720675.553257
2, 40, 131072, 1550720675.640247
2, 41, 131072, 1550720675.727245
2, 42, 131072, 1550720675.814225
2, 43, 131072, 1550720675.901156
2, 44, 131072, 1550720675.988097
2, 45, 131072, 1550720676.075112
2, 46, 131072, 1550720676.162099
2, 47, 131072, 1550720676.249069
2, 48, 131072, 1550720676.336009
2, 49, 131072, 1550720676.423035
2, 50, 131072, 1550720676.510154
2, 51, 131072, 1550720676.597181
2, 52, 131072, 1550720676.684170
2, 53, 131072, 1550720676.771086
2, 54, 131072, 1550720676.858038
2, 55, 131072, 1550720676.944985
2, 56, 131072, 1550720677.033003
2, 57, 131072, 1550720677.119967
2, 58, 131072, 1550720677.206911
2, 59, 131072, 1550720677.293900
2, 60, 131072, 1550720677.381924
2, 61, 131072, 1550720677.468971
2, 62, 131072, 1550720677.555957
2, 63, 131072, 1550720677.642956
2, 64, 131072, 1550720677.729940
2, 65, 131072, 1550720677.816920
2, 66, 131072, 1550720677.903874
2, 67, 131072, 1550720677.990843
2, 68, 131072, 1550720678.077868
2, 69, 131072, 1550720678.164963
2, 70, 131072, 1550720678.252056
2, 71, 131072, 1550720678.338966
2, 72, 131072, 1550720678.425903
2, 73, 131072, 1550720678.512834
2, 74, 131072, 1550720678.599808
2, 75, 131072, 1550720678.686793
2, 76, 131072, 1550720678.773802
2, 77, 131072, 1550720678.860769
2, 78, 131072, 1550720678.947655
2, 79, 131072, 1550720679.034667
2, 80, 131072, 1550720679.121639
2, 81, 131072, 1550720679.208652
2, 82, 131072, 1550720679.295693
2, 83, 131072, 1550720679.382692
2, 84, 131072, 1550720679.469727
2, 85, 131072, 1550720679.556781
2, 86, 131072, 1550720679.643719
2, 87, 131072, 1550720679.730860
2, 88, 131072, 1550720679.817857
2, 89, 131072, 1550720679.904830
2, 90, 131072, 1550720679.991888
2, 91, 131072, 1550720680.078891
2, 92, 131072, 1550720680.165940
2, 93, 131072, 1550720680.252980
2, 94, 131072, 1550720680.340030
2, 95, 131072, 1550720680.426961
2, 96, 131072, 1550720680.513958
2, 97, 131072, 1550720680.600945
2, 98, 131072, 1550720680.687962
2, 99, 131072, 1550720680.775003
2, 0, 262144, 1550720680.888788
2, 1, 262144, 1550720681.002465
2, 2, 262144, 1550720681.115915
2, 3, 262144, 1550720681.229314
2, 4, 262144, 1550720681.342563
2, 5, 262144, 1550720681.456003
2, 6, 262144, 1550720681.569412
2, 7, 262144, 1550720681.682830
2, 8, 262144, 1550720681.796258
2, 9, 262144, 1550720681.909626
2, 10, 262144, 1550720682.022887
2, 11, 262144, 1550720682.136246
2, 12, 262144, 1550720682.249565
2, 13, 262144, 1550720682.362869
2, 14, 262144, 1550720682.476158
2, 15, 262144, 1550720682.589587
2, 16, 262144, 1550720682.703133
2, 17, 262144, 1550720682.816528
2, 18, 262144, 1550720682.929766
2, 19, 262144, 1550720683.044728
2, 20, 262144, 1550720683.157986
2, 21, 262144, 1550720683.271286
2, 22, 262144, 1550720683.384532
2, 23, 262144, 1550720683.497804
2, 24, 262144, 1550720683.611066
2, 25, 262144, 1550720683.724301
2, 26, 262144, 1550720683.837588
2, 27, 262144, 1550720683.951002
2, 28, 262144, 1550720684.064369
2, 29, 262144, 1550720684.177748
2, 30, 262144, 1550720684.291117
2, 31, 262144, 1550720684.404488
2, 32, 262144, 1550720684.517966
2, 33, 262144, 1550720684.631372
2, 34, 262144, 1550720684.746764
2, 35, 262144, 1550720684.860066
2, 36, 262144, 1550720684.973408
2, 37, 262144, 1550720685.086731
2, 38, 262144, 1550720685.200144
2, 39, 262144, 1550720685.313571
2, 40, 262144, 1550720685.426983
2, 41, 262144, 1550720685.540442
2, 42, 262144, 1550720685.653740
2, 43, 262144, 1550720685.767282
2, 44, 262144, 1550720685.880667
2, 45, 262144, 1550720685.994098
2, 46, 262144, 1550720686.107388
2, 47, 262144, 1550720686.220741
2, 48, 262144, 1550720686.334131
2, 49, 262144, 1550720686.447518
2, 50, 262144, 1550720686.560869
2, 51, 262144, 1550720686.674272
2, 52, 262144, 1550720686.787543
2, 53, 262144, 1550720686.900813
2, 54, 262144, 1550720687.014142
2, 55, 262144, 1550720687.127535
2, 56, 262144, 1550720687.240935
2, 57, 262144, 1550720687.354257
2, 58, 262144, 1550720687.467598
2, 59, 262144, 1550720687.580889
2, 60, 262144, 1550720687.694663
2, 61, 262144, 1550720687.808004
2, 62, 262144, 1550720687.921317
2, 63, 262144, 1550720688.034636
2, 64, 262144, 1550720688.148080
2, 65, 262144, 1550720688.261604
2, 66, 262144, 1550720688.377362
2, 67, 262144, 1550720688.490672
2, 68, 262144, 1550720688.603954
2, 69, 262144, 1550720688.717272
2, 70, 262144, 1550720688.830605
2, 71, 262144, 1550720688.943970
2, 72, 262144, 1550720689.057232
2, 73, 262144, 1550720689.170639
2, 74, 262144, 1550720689.284076
2, 75, 262144, 1550720689.397568
2, 76, 262144, 1550720689.510947
2, 77, 262144, 1550720689.624381
2, 78, 262144, 1550720689.737665
2, 79, 262144, 1550720689.851269
2, 80, 262144, 1550720689.964635
2, 81, 262144, 1550720690.078527
2, 82, 262144, 1550720690.191819
2, 83, 262144, 1550720690.305165
2, 84, 262144, 1550720690.418698
2, 85, 262144, 1550720690.531845
2, 86, 262144, 1550720690.645202
2, 87, 262144, 1550720690.758575
2, 88, 262144, 1550720690.871925
2, 89, 262144, 1550720690.985488
2, 90, 262144, 1550720691.098734
2, 91, 262144, 1550720691.212326
2, 92, 262144, 1550720691.325744
2, 93, 262144, 1550720691.439254
2, 94, 262144, 1550720691.552830
2, 95, 262144, 1550720691.666178
2, 96, 262144, 1550720691.779592
2, 97, 262144, 1550720691.892896
2, 98, 262144, 1550720692.006189
2, 99, 262144, 1550720692.119506
2, 0, 524288, 1550720692.286436
2, 1, 524288, 1550720692.453121
2, 2, 524288, 1550720692.619578
2, 3, 524288, 1550720692.786129
2, 4, 524288, 1550720692.953907
2, 5, 524288, 1550720693.120323
2, 6, 524288, 1550720693.286469
2, 7, 524288, 1550720693.452991
2, 8, 524288, 1550720693.619304
2, 9, 524288, 1550720693.785836
2, 10, 524288, 1550720693.952086
2, 11, 524288, 1550720694.118571
2, 12, 524288, 1550720694.284786
2, 13, 524288, 1550720694.453161
2, 14, 524288, 1550720694.629521
2, 15, 524288, 1550720694.794678
2, 16, 524288, 1550720694.960373
2, 17, 524288, 1550720695.126771
2, 18, 524288, 1550720695.292538
2, 19, 524288, 1550720695.457824
2, 20, 524288, 1550720695.622796
2, 21, 524288, 1550720695.788014
2, 22, 524288, 1550720695.953779
2, 23, 524288, 1550720696.118931
2, 24, 524288, 1550720696.283874
2, 25, 524288, 1550720696.449902
2, 26, 524288, 1550720696.614788
2, 27, 524288, 1550720696.780039
2, 28, 524288, 1550720696.945741
2, 29, 524288, 1550720697.111754
2, 30, 524288, 1550720697.277583
2, 31, 524288, 1550720697.442768
2, 32, 524288, 1550720697.607634
2, 33, 524288, 1550720697.773630
2, 34, 524288, 1550720697.938542
2, 35, 524288, 1550720698.103819
2, 36, 524288, 1550720698.269439
2, 37, 524288, 1550720698.435317
2, 38, 524288, 1550720698.600102
2, 39, 524288, 1550720698.765136
2, 40, 524288, 1550720698.930759
2, 41, 524288, 1550720699.097315
2, 42, 524288, 1550720699.263502
2, 43, 524288, 1550720699.430128
2, 44, 524288, 1550720699.596187
2, 45, 524288, 1550720699.762641
2, 46, 524288, 1550720699.928745
2, 47, 524288, 1550720700.098522
2, 48, 524288, 1550720700.264750
2, 49, 524288, 1550720700.431287
2, 50, 524288, 1550720700.597424
2, 51, 524288, 1550720700.764026
2, 52, 524288, 1550720700.930399
2, 53, 524288, 1550720701.096991
2, 54, 524288, 1550720701.263139
2, 55, 524288, 1550720701.429631
2, 56, 524288, 1550720701.596095
2, 57, 524288, 1550720701.762792
2, 58, 524288, 1550720701.929443
2, 59, 524288, 1550720702.096307
2, 60, 524288, 1550720702.262661
2, 61, 524288, 1550720702.429398
2, 62, 524288, 1550720702.595657
2, 63, 524288, 1550720702.763159
2, 64, 524288, 1550720702.929436
2, 65, 524288, 1550720703.096118
2, 66, 524288, 1550720703.262366
2, 67, 524288, 1550720703.428941
2, 68, 524288, 1550720703.595105
2, 69, 524288, 1550720703.762172
2, 70, 524288, 1550720703.928369
2, 71, 524288, 1550720704.094922
2, 72, 524288, 1550720704.261134
2, 73, 524288, 1550720704.427555
2, 74, 524288, 1550720704.593857
2, 75, 524288, 1550720704.760302
2, 76, 524288, 1550720704.926445
2, 77, 524288, 1550720705.093016
2, 78, 524288, 1550720705.259178
2, 79, 524288, 1550720705.425632
2, 80, 524288, 1550720705.591830
2, 81, 524288, 1550720705.758368
2, 82, 524288, 1550720705.924623
2, 83, 524288, 1550720706.091080
2, 84, 524288, 1550720706.257260
2, 85, 524288, 1550720706.423765
2, 86, 524288, 1550720706.590236
2, 87, 524288, 1550720706.756815
2, 88, 524288, 1550720706.923002
2, 89, 524288, 1550720707.089620
2, 90, 524288, 1550720707.255865
2, 91, 524288, 1550720707.422587
2, 92, 524288, 1550720707.588773
2, 93, 524288, 1550720707.755454
2, 94, 524288, 1550720707.921698
2, 95, 524288, 1550720708.088297
2, 96, 524288, 1550720708.254600
2, 97, 524288, 1550720708.421098
2, 98, 524288, 1550720708.587583
2, 99, 524288, 1550720708.754112
2, 0, 1048576, 1550720709.027072
2, 1, 1048576, 1550720709.270273
2, 2, 1048576, 1550720709.524563
2, 3, 1048576, 1550720709.796301
2, 4, 1048576, 1550720710.067526
2, 5, 1048576, 1550720710.339007
2, 6, 1048576, 1550720710.610766
2, 7, 1048576, 1550720710.883202
2, 8, 1048576, 1550720711.154580
2, 9, 1048576, 1550720711.426074
2, 10, 1048576, 1550720711.698273
2, 11, 1048576, 1550720711.969814
2, 12, 1048576, 1550720712.241634
2, 13, 1048576, 1550720712.513094
2, 14, 1048576, 1550720712.784897
2, 15, 1048576, 1550720713.057294
2, 16, 1048576, 1550720713.328244
2, 17, 1048576, 1550720713.599809
2, 18, 1048576, 1550720713.871762
2, 19, 1048576, 1550720714.143360
2, 20, 1048576, 1550720714.415347
2, 21, 1048576, 1550720714.686864
2, 22, 1048576, 1550720714.958851
2, 23, 1048576, 1550720715.232136
2, 24, 1048576, 1550720715.503894
2, 25, 1048576, 1550720715.775492
2, 26, 1048576, 1550720716.046464
2, 27, 1048576, 1550720716.318839
2, 28, 1048576, 1550720716.589790
2, 29, 1048576, 1550720716.862071
2, 30, 1048576, 1550720717.134009
2, 31, 1048576, 1550720717.405664
2, 32, 1048576, 1550720717.677435
2, 33, 1048576, 1550720717.950113
2, 34, 1048576, 1550720718.221900
2, 35, 1048576, 1550720718.493435
2, 36, 1048576, 1550720718.764498
2, 37, 1048576, 1550720719.036889
2, 38, 1048576, 1550720719.307915
2, 39, 1048576, 1550720719.580214
2, 40, 1048576, 1550720719.851959
2, 41, 1048576, 1550720720.123501
2, 42, 1048576, 1550720720.395324
2, 43, 1048576, 1550720720.667687
2, 44, 1048576, 1550720720.939458
2, 45, 1048576, 1550720721.210991
2, 46, 1048576, 1550720721.482003
2, 47, 1048576, 1550720721.754325
2, 48, 1048576, 1550720722.026123
2, 49, 1048576, 1550720722.297620
2, 50, 1048576, 1550720722.569446
2, 51, 1048576, 1550720722.841930
2, 52, 1048576, 1550720723.112930
2, 53, 1048576, 1550720723.385220
2, 54, 1048576, 1550720723.657052
2, 55, 1048576, 1550720723.928524
2, 56, 1048576, 1550720724.199404
2, 57, 1048576, 1550720724.471578
2, 58, 1048576, 1550720724.742587
2, 59, 1048576, 1550720725.014102
2, 60, 1048576, 1550720725.285888
2, 61, 1048576, 1550720725.558313
2, 62, 1048576, 1550720725.829365
2, 63, 1048576, 1550720726.101577
2, 64, 1048576, 1550720726.373254
2, 65, 1048576, 1550720726.645457
2, 66, 1048576, 1550720726.917166
2, 67, 1048576, 1550720727.189407
2, 68, 1048576, 1550720727.461267
2, 69, 1048576, 1550720727.732899
2, 70, 1048576, 1550720728.004666
2, 71, 1048576, 1550720728.277010
2, 72, 1048576, 1550720728.547852
2, 73, 1048576, 1550720728.819452
2, 74, 1048576, 1550720729.091333
2, 75, 1048576, 1550720729.363573
2, 76, 1048576, 1550720729.634603
2, 77, 1048576, 1550720729.906149
2, 78, 1048576, 1550720730.177966
2, 79, 1048576, 1550720730.450316
2, 80, 1048576, 1550720730.722170
2, 81, 1048576, 1550720730.994557
2, 82, 1048576, 1550720731.266548
2, 83, 1048576, 1550720731.538947
2, 84, 1048576, 1550720731.810873
2, 85, 1048576, 1550720732.083400
2, 86, 1048576, 1550720732.355449
2, 87, 1048576, 1550720732.628189
2, 88, 1048576, 1550720732.900258
2, 89, 1048576, 1550720733.172726
2, 90, 1048576, 1550720733.444566
2, 91, 1048576, 1550720733.717005
2, 92, 1048576, 1550720733.988995
2, 93, 1048576, 1550720734.261323
2, 94, 1048576, 1550720734.533254
2, 95, 1048576, 1550720734.805766
2, 96, 1048576, 1550720735.077659
2, 97, 1048576, 1550720735.350080
2, 98, 1048576, 1550720735.622053
2, 99, 1048576, 1550720735.894970
